run_name,epoch,train/loss,val/mAP,val/AP50,val/AP75
rtdetr-20261001-232751,1,35.6633,0.0076,0.015,0.0061
rtdetr-20261001-232751,2,30.641,0.1406,0.1758,0.1446
rtdetr-20261001-232751,3,21.2701,0.3328,0.3938,0.3482
rtdetr-20261001-232751,4,18.0831,0.4016,0.4716,0.426
rtdetr-20261001-232751,5,15.9913,0.5643,0.645,0.5849
rtdetr-20261001-232751,6,15.7225,0.5698,0.681,0.6035
rtdetr-20261001-232751,7,14.5265,0.6164,0.7196,0.6485
rtdetr-20261001-232751,8,13.7864,0.6101,0.7172,0.6478
rtdetr-20261001-232751,9,13.64,0.6129,0.7132,0.653
rtdetr-20261001-232751,10,13.3995,0.642,0.7447,0.6879
rtdetr-20261001-232751,11,12.327,0.6257,0.7326,0.677
rtdetr-20261001-232751,12,11.8576,0.6678,0.7691,0.7177
rtdetr-20261001-232751,13,11.4533,0.6739,0.7817,0.7185
rtdetr-20261001-232751,14,11.003,0.6769,0.8003,0.7215
rtdetr-20261001-232751,15,11.2889,0.6685,0.7718,0.7035
rtdetr-20261001-232751,16,10.947,0.6741,0.7898,0.7208
rtdetr-20261001-232751,17,10.9718,0.6861,0.8167,0.7383
rtdetr-20261001-232751,18,10.5665,0.6744,0.8188,0.7347
rtdetr-20261001-232751,19,10.3779,0.6751,0.8056,0.7257
rtdetr-20261001-232751,20,9.8982,0.7018,0.8271,0.743
rtdetr-20261001-232751,21,10.5547,0.6989,0.8349,0.7833
rtdetr-20261001-232751,22,10.3094,0.6878,0.8275,0.7782
rtdetr-20261001-232751,23,10.2084,0.6796,0.8189,0.7567
rtdetr-20261001-232751,24,10.1875,0.6929,0.827,0.7716
rtdetr-20261001-232751,25,10.3924,0.669,0.8162,0.7527
rtdetr-20261001-232751,26,10.0471,0.6752,0.8214,0.7576
rtdetr-20261001-232751,27,10.0419,0.6906,0.8266,0.7589
rtdetr-20261001-232751,28,9.7747,0.6883,0.821,0.7476
rtdetr-20261001-232751,29,9.4053,0.6759,0.8188,0.7688
rtdetr-20261001-232751,30,9.9138,0.6576,0.8095,0.7616
rtdetr-20261001-232751,31,9.236,0.6538,0.8057,0.7358
rtdetr-20261001-232751,32,9.4436,0.6696,0.8077,0.7535
rtdetr-20261001-232751,33,9.3898,0.6667,0.8029,0.7442
rtdetr-20261001-232751,34,9.9629,0.6616,0.8082,0.7633
rtdetr-20261001-232751,35,9.2243,0.6742,0.8141,0.7567
rtdetr-20261001-232751,36,9.0491,0.6747,0.8142,0.7552
rtdetr-20261001-232751,37,9.1822,0.6555,0.8023,0.7426
rtdetr-20261001-232751,38,8.9164,0.6501,0.7972,0.7346
rtdetr-20261001-232751,39,8.8547,0.6602,0.8097,0.7407
rtdetr-20261001-232751,40,8.9761,0.6637,0.8112,0.7654
rtdetr-20261001-232751,41,8.4398,0.6635,0.8101,0.7503
rtdetr-20261001-232751,42,8.876,0.6617,0.8146,0.7661
rtdetr-20261001-232751,43,8.444,0.6614,0.8116,0.7652
rtdetr-20261001-232751,44,9.5373,0.6624,0.8152,0.7684
rtdetr-20261001-232751,45,8.7391,0.6643,0.8142,0.7662
rtdetr-20261001-232751,46,8.8159,0.6668,0.8148,0.7674
rtdetr-20261001-232751,47,8.8877,0.662,0.8156,0.7686
rtdetr-20261001-232751,48,8.9004,0.6633,0.8148,0.7675
rtdetr-20261001-232751,49,8.3186,0.6628,0.8161,0.7688
rtdetr-20261001-232751,50,9.194,0.66,0.8129,0.7644
rtdetr-20261004-200415,1,27.3809,0.3432,0.3869,0.3547
rtdetr-20261004-200415,2,16.0365,0.6328,0.6935,0.6536
rtdetr-20261004-200415,3,14.4134,0.6616,0.7332,0.6861
rtdetr-20261004-200415,4,13.6218,0.6879,0.7769,0.7179
rtdetr-20261004-200415,5,12.4768,0.6842,0.7728,0.7157
rtdetr-20261004-200415,6,12.0365,0.707,0.8076,0.7377
rtdetr-20261004-200415,7,11.6258,0.7182,0.8201,0.7419
rtdetr-20261004-200415,8,11.5176,0.7227,0.8327,0.7631
rtdetr-20261004-200415,9,11.2404,0.7413,0.8552,0.7742
rtdetr-20261004-200415,10,11.2967,0.7347,0.8463,0.7572
rtdetr-20261004-200415,11,10.9237,0.7417,0.8464,0.7727
rtdetr-20261004-200415,12,10.3479,0.7408,0.8624,0.7834
rtdetr-20261004-200415,13,10.1141,0.7425,0.8662,0.7844
rtdetr-20261004-200415,14,9.729,0.7405,0.8598,0.7833
rtdetr-20261004-200415,15,9.7901,0.7271,0.8521,0.7883
rtdetr-20261004-200415,16,9.5129,0.7495,0.8781,0.8023
rtdetr-20261004-200415,17,9.4295,0.755,0.8788,0.7965
rtdetr-20261004-200415,18,9.2584,0.745,0.8795,0.7879
rtdetr-20261004-200415,19,9.2295,0.7536,0.8761,0.7983
rtdetr-20261004-200415,20,9.2867,0.7582,0.8943,0.8064
rtdetr-20261004-200415,21,8.8932,0.7345,0.8766,0.7877
rtdetr-20261004-200415,22,8.9125,0.7463,0.8855,0.7936
rtdetr-20261004-200415,23,8.7787,0.7509,0.8849,0.7959
rtdetr-20261004-200415,24,8.626,0.735,0.8903,0.79
rtdetr-20261004-200415,25,8.8779,0.7483,0.8892,0.7924
rtdetr-20261004-200415,26,8.4982,0.7425,0.8801,0.789
rtdetr-20261004-200415,27,8.6578,0.7208,0.8768,0.7709
rtdetr-20261004-200415,28,8.579,0.7409,0.8763,0.787
rtdetr-20261004-200415,29,8.3621,0.727,0.8745,0.7775
rtdetr-20261004-200415,30,8.2014,0.7256,0.8741,0.779
rtdetr-20261004-200415,31,8.3695,0.7314,0.8765,0.7708
rtdetr-20261004-200415,32,8.4373,0.7434,0.8866,0.7799
rtdetr-20261004-200415,33,8.129,0.7467,0.8863,0.7849
rtdetr-20261004-200415,34,8.4561,0.7349,0.8832,0.7879
rtdetr-20261004-200415,35,8.6062,0.7247,0.8761,0.7761
rtdetr-20261004-200415,36,8.1838,0.7231,0.8692,0.7797
rtdetr-20261004-200415,37,8.2227,0.7306,0.8725,0.7866
rtdetr-20261004-200415,38,8.055,0.7307,0.8771,0.769
rtdetr-20261004-200415,39,7.8943,0.7286,0.8741,0.7854
rtdetr-20261004-200415,40,8.0971,0.7193,0.8737,0.7754
rtdetr-20261004-200415,41,7.9471,0.7197,0.8715,0.7744
rtdetr-20261004-200415,42,8.0326,0.7187,0.8687,0.7747
rtdetr-20261004-200415,43,7.9848,0.7212,0.8758,0.7793
rtdetr-20261004-200415,44,7.85,0.7231,0.8744,0.7768
rtdetr-20261004-200415,45,7.9508,0.7255,0.8762,0.7809
rtdetr-20261004-200415,46,8.211,0.7181,0.873,0.7725
rtdetr-20261004-200415,47,8.0561,0.7199,0.8725,0.7785
rtdetr-20261004-200415,48,7.8652,0.7245,0.8743,0.7758
rtdetr-20261004-200415,49,8.0308,0.7217,0.8758,0.7766
rtdetr-20261004-200415,50,7.7508,0.7224,0.8747,0.7738
rtdetr-20261004-204025,1,24.2011,0.4856,0.5503,0.5064
rtdetr-20261004-204025,2,14.5038,0.6716,0.7534,0.6944
rtdetr-20261004-204025,3,12.9846,0.6729,0.7682,0.6942
rtdetr-20261004-204025,4,11.7533,0.7159,0.8149,0.754
rtdetr-20261004-204025,5,11.4209,0.7395,0.8524,0.7723
rtdetr-20261004-204025,6,10.8373,0.7512,0.8567,0.7821
rtdetr-20261004-204025,7,10.7376,0.7552,0.8724,0.7818
rtdetr-20261004-204025,8,10.4976,0.7607,0.883,0.7973
rtdetr-20261004-204025,9,10.2102,0.7545,0.8725,0.7815
rtdetr-20261004-204025,10,10.0664,0.7628,0.888,0.8041
rtdetr-20261004-204025,11,9.7338,0.75,0.8768,0.7989
rtdetr-20261004-204025,12,9.6042,0.7641,0.8917,0.8067
rtdetr-20261004-204025,13,9.3838,0.739,0.8707,0.7898
rtdetr-20261004-204025,14,9.3281,0.7517,0.8865,0.8007
rtdetr-20261004-204025,15,9.292,0.7319,0.8865,0.7845
rtdetr-20261004-204025,16,9.181,0.7596,0.8908,0.8151
rtdetr-20261004-204025,17,9.1196,0.7367,0.8896,0.7882
rtdetr-20261004-204025,18,8.902,0.7621,0.898,0.8022
rtdetr-20261004-204025,19,8.9969,0.7617,0.8918,0.8054
rtdetr-20261004-204025,20,8.7752,0.747,0.8756,0.7957
rtdetr-20261004-204025,21,8.5701,0.7409,0.8822,0.7853
rtdetr-20261004-204025,22,8.5183,0.7576,0.8961,0.7859
rtdetr-20261004-204025,23,8.6333,0.7398,0.8856,0.7966
rtdetr-20261004-204025,24,8.789,0.7337,0.88,0.767
rtdetr-20261004-204025,25,8.4831,0.7213,0.8711,0.7769
rtdetr-20261004-204025,26,8.2992,0.7223,0.8768,0.7605
rtdetr-20261004-204025,27,8.2397,0.7107,0.8697,0.7333
rtdetr-20261004-204025,28,8.0894,0.716,0.8665,0.7413
rtdetr-20261004-204025,29,8.1141,0.7127,0.8627,0.7387
rtdetr-20261004-204025,30,8.1751,0.7157,0.8652,0.7502
rtdetr-20261004-204025,31,8.0068,0.7019,0.8678,0.7451
rtdetr-20261004-204025,32,7.8683,0.7152,0.8669,0.7612
rtdetr-20261004-204025,33,8.1621,0.7333,0.8674,0.7735
rtdetr-20261004-204025,34,8.1028,0.7074,0.8521,0.7418
rtdetr-20261004-204025,35,8.0577,0.7029,0.8555,0.7345
rtdetr-20261004-204025,36,7.854,0.6996,0.8564,0.7282
rtdetr-20261004-204025,37,7.9349,0.6975,0.8486,0.7479
rtdetr-20261004-204025,38,7.6663,0.7224,0.8733,0.7691
rtdetr-20261004-204025,39,7.9805,0.7245,0.8785,0.7512
rtdetr-20261004-204025,40,7.8325,0.7173,0.8754,0.7611
rtdetr-20261004-204025,41,8.0045,0.7181,0.8778,0.766
rtdetr-20261004-204025,42,7.8533,0.7061,0.8532,0.7388
rtdetr-20261004-204025,43,7.7777,0.7112,0.8725,0.7544
rtdetr-20261004-204025,44,7.7826,0.7093,0.8597,0.7375
rtdetr-20261004-204025,45,7.6814,0.7097,0.8773,0.7565
rtdetr-20261004-204025,46,7.692,0.7103,0.8726,0.758
rtdetr-20261004-204025,47,7.8695,0.7155,0.8752,0.7542
rtdetr-20261004-204025,48,7.8211,0.7095,0.8588,0.7514
rtdetr-20261004-204025,49,7.7854,0.7107,0.8731,0.7581
rtdetr-20261004-204025,50,7.6441,0.7076,0.8574,0.7361
rtdetr-20261004-221908,1,21.2299,0.6401,0.7111,0.659
rtdetr-20261004-221908,2,13.7119,0.6947,0.7998,0.7204
rtdetr-20261004-221908,3,12.5347,0.7205,0.8361,0.7506
rtdetr-20261004-221908,4,11.8722,0.7363,0.8439,0.7688
rtdetr-20261004-221908,5,11.2841,0.7346,0.8491,0.7644
rtdetr-20261004-221908,6,10.7059,0.7465,0.8594,0.769
rtdetr-20261004-221908,7,10.4773,0.7482,0.877,0.7725
rtdetr-20261004-221908,8,10.4582,0.7177,0.8645,0.7511
rtdetr-20261004-221908,9,9.9054,0.7206,0.8638,0.7681
rtdetr-20261004-221908,10,9.8848,0.727,0.8694,0.7724
rtdetr-20261004-221908,11,9.6428,0.7206,0.8552,0.7745
rtdetr-20261004-221908,12,9.5856,0.7065,0.8729,0.7594
rtdetr-20261004-221908,13,9.3925,0.7145,0.8956,0.7591
rtdetr-20261004-221908,14,9.4822,0.7127,0.8881,0.7539
rtdetr-20261004-221908,15,9.1165,0.6947,0.8647,0.7431
rtdetr-20261004-221908,16,9.1282,0.7123,0.8672,0.7573
rtdetr-20261004-221908,17,9.0019,0.6895,0.8536,0.7218
rtdetr-20261004-221908,18,8.9855,0.71,0.8754,0.7367
rtdetr-20261004-221908,19,8.6706,0.6975,0.8692,0.7304
rtdetr-20261004-221908,20,8.6993,0.7239,0.8783,0.7658
rtdetr-20261004-221908,21,8.522,0.6984,0.8583,0.7213
rtdetr-20261004-221908,22,8.483,0.7161,0.8921,0.7592
rtdetr-20261004-221908,23,8.4466,0.7113,0.8516,0.7621
rtdetr-20261004-221908,24,8.3297,0.6951,0.855,0.7295
rtdetr-20261004-221908,25,8.5203,0.6915,0.8418,0.7325
rtdetr-20261004-221908,26,8.2607,0.6972,0.8514,0.7326
rtdetr-20261004-221908,27,8.1905,0.6845,0.8401,0.7158
rtdetr-20261004-221908,28,8.1762,0.6687,0.8188,0.7031
rtdetr-20261004-221908,29,8.1525,0.6663,0.8214,0.701
rtdetr-20261004-221908,30,8.2157,0.6804,0.8291,0.7155
rtdetr-20261004-221908,31,7.9369,0.6631,0.8179,0.6913
rtdetr-20261004-221908,32,8.2095,0.6857,0.8388,0.7177
rtdetr-20261004-221908,33,8.0312,0.6667,0.8148,0.6811
rtdetr-20261004-221908,34,8.2012,0.6638,0.8307,0.6889
rtdetr-20261004-221908,35,7.8979,0.677,0.8464,0.7107
rtdetr-20261004-221908,36,7.867,0.671,0.8313,0.7013
rtdetr-20261004-221908,37,7.8827,0.6549,0.7998,0.6794
rtdetr-20261004-221908,38,7.6957,0.6618,0.8198,0.6995
rtdetr-20261004-221908,39,8.0155,0.6238,0.7781,0.6511
rtdetr-20261004-221908,40,7.7828,0.6424,0.7895,0.668
rtdetr-20261004-221908,41,7.7688,0.6514,0.8107,0.6772
rtdetr-20261004-221908,42,7.7354,0.6465,0.7928,0.6707
rtdetr-20261004-221908,43,7.6959,0.6441,0.7945,0.6673
rtdetr-20261004-221908,44,7.7308,0.6508,0.8165,0.6747
rtdetr-20261004-221908,45,7.6572,0.6495,0.7973,0.6792
rtdetr-20261004-221908,46,7.8718,0.651,0.7974,0.6794
rtdetr-20261004-221908,47,7.7207,0.6545,0.8232,0.6856
rtdetr-20261004-221908,48,7.9458,0.6527,0.8013,0.6851
rtdetr-20261004-221908,49,7.8182,0.6598,0.8086,0.6848
rtdetr-20261004-221908,50,7.6266,0.6531,0.7986,0.6817
rtdetr-20261004-225320,1,19.8366,0.6886,0.7849,0.7179
rtdetr-20261004-225320,2,13.0889,0.7278,0.843,0.7539
rtdetr-20261004-225320,3,11.7812,0.7447,0.8751,0.7621
rtdetr-20261004-225320,4,11.067,0.7627,0.88,0.7956
rtdetr-20261004-225320,5,10.3608,0.7756,0.8931,0.7999
rtdetr-20261004-225320,6,9.9834,0.7692,0.8816,0.8014
rtdetr-20261004-225320,7,9.7632,0.7694,0.897,0.8231
rtdetr-20261004-225320,8,9.6385,0.7641,0.8969,0.8031
rtdetr-20261004-225320,9,9.4204,0.7294,0.8732,0.7805
rtdetr-20261004-225320,10,9.2438,0.7396,0.8759,0.7633
rtdetr-20261004-225320,11,9.072,0.7516,0.8758,0.7836
rtdetr-20261004-225320,12,8.9928,0.7484,0.8814,0.7791
rtdetr-20261004-225320,13,8.7949,0.71,0.8691,0.7296
rtdetr-20261004-225320,14,8.9062,0.7229,0.8643,0.7782
rtdetr-20261004-225320,15,8.436,0.6311,0.7979,0.6543
rtdetr-20261004-225320,16,8.4732,0.7069,0.8468,0.7378
rtdetr-20261004-225320,17,8.4075,0.6901,0.8388,0.7139
rtdetr-20261004-225320,18,8.2682,0.7316,0.8681,0.7759
rtdetr-20261004-225320,19,8.1354,0.7162,0.864,0.7668
rtdetr-20261004-225320,20,8.0201,0.7073,0.867,0.7239
rtdetr-20261004-225320,21,7.9793,0.7147,0.863,0.7554
rtdetr-20261004-225320,22,7.8332,0.7079,0.8644,0.7695
rtdetr-20261004-225320,23,7.7479,0.7023,0.8355,0.7569
rtdetr-20261004-225320,24,7.5959,0.6787,0.8471,0.7473
rtdetr-20261004-225320,25,7.5475,0.6813,0.8626,0.7361
rtdetr-20261004-225320,26,7.6354,0.7207,0.849,0.7634
rtdetr-20261004-225320,27,7.3865,0.7074,0.8404,0.7326
rtdetr-20261004-225320,28,7.4187,0.6936,0.8494,0.7377
rtdetr-20261004-225320,29,7.3492,0.7013,0.8531,0.7568
rtdetr-20261004-225320,30,7.433,0.6681,0.8555,0.7123
rtdetr-20261004-225320,31,7.1398,0.6718,0.8641,0.7208
rtdetr-20261004-225320,32,7.3423,0.6593,0.8384,0.7266
rtdetr-20261004-225320,33,7.1767,0.6717,0.8389,0.7377
rtdetr-20261004-225320,34,7.3219,0.6813,0.8497,0.7449
rtdetr-20261004-225320,35,7.06,0.7006,0.8681,0.7524
rtdetr-20261004-225320,36,6.9923,0.6799,0.8428,0.7613
rtdetr-20261004-225320,37,6.9712,0.6805,0.848,0.745
rtdetr-20261004-225320,38,6.9514,0.6844,0.8534,0.7319
rtdetr-20261004-225320,39,7.1608,0.6795,0.8524,0.7446
rtdetr-20261004-225320,40,6.8272,0.6497,0.8239,0.6997
rtdetr-20261004-225320,41,6.8049,0.648,0.8226,0.7275
rtdetr-20261004-225320,42,6.8267,0.6467,0.8275,0.7247
rtdetr-20261004-225320,43,6.781,0.6414,0.8158,0.724
rtdetr-20261004-225320,44,6.8191,0.647,0.8152,0.7106
rtdetr-20261004-225320,45,6.7725,0.6467,0.8195,0.7159
rtdetr-20261004-225320,46,6.885,0.6467,0.8174,0.7066
rtdetr-20261004-225320,47,6.7797,0.6358,0.8077,0.7152
rtdetr-20261004-225320,48,6.8995,0.6417,0.8141,0.7189
rtdetr-20261004-225320,49,6.9766,0.6528,0.8172,0.7081
rtdetr-20261004-225320,50,6.7282,0.6376,0.822,0.7007
rtdetr-20261004-232152,1,27.0277,0.4142,0.5058,0.4259
rtdetr-20261004-232152,2,16.2119,0.6416,0.7561,0.654
rtdetr-20261004-232152,3,13.2759,0.7395,0.8671,0.7788
rtdetr-20261004-232152,4,12.2001,0.7597,0.886,0.7879
rtdetr-20261004-232152,5,11.4181,0.759,0.8906,0.7985
rtdetr-20261004-232152,6,10.7787,0.772,0.902,0.8044
rtdetr-20261004-232152,7,10.8054,0.7866,0.9183,0.8091
rtdetr-20261004-232152,8,10.4256,0.7815,0.9228,0.7921
rtdetr-20261004-232152,9,10.1176,0.7716,0.9005,0.7956
rtdetr-20261004-232152,10,10.0654,0.7835,0.9103,0.8032
rtdetr-20261004-232152,11,9.8999,0.7936,0.9244,0.8161
rtdetr-20261004-232152,12,9.5793,0.7913,0.9159,0.8157
rtdetr-20261004-232152,13,9.5123,0.7951,0.9184,0.816
rtdetr-20261004-232152,14,9.2509,0.7702,0.916,0.8021
rtdetr-20261004-232152,15,9.2303,0.7795,0.9138,0.8076
rtdetr-20261004-232152,16,9.0414,0.7803,0.9181,0.8069
rtdetr-20261004-232152,17,9.0974,0.7754,0.9129,0.8129
rtdetr-20261004-232152,18,8.8656,0.7856,0.9277,0.8124
rtdetr-20261004-232152,19,8.7355,0.7806,0.9093,0.8049
rtdetr-20261004-232152,20,8.5719,0.7678,0.8987,0.8024
rtdetr-20261004-232152,21,8.6984,0.7792,0.9078,0.8042
rtdetr-20261004-232152,22,8.379,0.7773,0.9051,0.8151
rtdetr-20261004-232152,23,8.3341,0.7662,0.8971,0.805
rtdetr-20261004-232152,24,8.329,0.7574,0.9004,0.7927
rtdetr-20261004-232152,25,8.3287,0.7371,0.8874,0.7651
rtdetr-20261004-232152,26,8.2755,0.7474,0.8955,0.782
rtdetr-20261004-232152,27,8.2765,0.7551,0.9056,0.7873
rtdetr-20261004-232152,28,8.1735,0.7656,0.9033,0.7831
rtdetr-20261004-232152,29,8.3292,0.7523,0.8906,0.7935
rtdetr-20261004-232152,30,8.0874,0.7466,0.8828,0.7944
rtdetr-20261004-232152,31,8.014,0.7298,0.8701,0.7566
rtdetr-20261004-232152,32,8.1211,0.7264,0.8769,0.7586
rtdetr-20261004-232152,33,8.1199,0.7296,0.8758,0.7653
rtdetr-20261004-232152,34,7.9392,0.7373,0.8884,0.7707
rtdetr-20261004-232152,35,7.8041,0.7403,0.8938,0.7765
rtdetr-20261004-232152,36,7.933,0.7136,0.8675,0.7478
rtdetr-20261004-232152,37,7.8342,0.7356,0.8872,0.7689
rtdetr-20261004-232152,38,7.6408,0.7286,0.8853,0.7579
rtdetr-20261004-232152,39,7.8324,0.7127,0.8539,0.7443
rtdetr-20261004-232152,40,7.6194,0.7015,0.8453,0.734
rtdetr-20261004-232152,41,7.6255,0.7179,0.8685,0.7497
rtdetr-20261004-232152,42,7.7651,0.7263,0.8692,0.7616
rtdetr-20261004-232152,43,7.5615,0.7206,0.8737,0.755
rtdetr-20261004-232152,44,7.9397,0.711,0.8647,0.7455
rtdetr-20261004-232152,45,7.5374,0.7216,0.8811,0.7563
rtdetr-20261004-232152,46,7.512,0.7086,0.8671,0.7455
rtdetr-20261004-232152,47,7.5833,0.7205,0.8761,0.7571
rtdetr-20261004-232152,48,7.6923,0.7065,0.8655,0.738
rtdetr-20261004-232152,49,7.6029,0.7063,0.8659,0.7436
rtdetr-20261004-232152,50,7.582,0.7082,0.8667,0.7447
rtdetr-20261004-235251,1,26.3075,0.646,0.7585,0.6764
rtdetr-20261004-235251,2,13.7883,0.7392,0.8486,0.7819
rtdetr-20261004-235251,3,12.0624,0.7625,0.8829,0.8011
rtdetr-20261004-235251,4,11.0135,0.7771,0.898,0.8038
rtdetr-20261004-235251,5,10.6229,0.7794,0.8989,0.814
rtdetr-20261004-235251,6,10.1489,0.783,0.8981,0.8147
rtdetr-20261004-235251,7,10.0895,0.7811,0.8965,0.8161
rtdetr-20261004-235251,8,9.7413,0.7831,0.9061,0.8134
rtdetr-20261004-235251,9,9.5541,0.786,0.9044,0.8176
rtdetr-20261004-235251,10,9.3328,0.7975,0.9059,0.8272
rtdetr-20261004-235251,11,9.2248,0.7924,0.913,0.8303
rtdetr-20261004-235251,12,9.1809,0.782,0.9043,0.8001
rtdetr-20261004-235251,13,9.1069,0.7851,0.9119,0.8044
rtdetr-20261004-235251,14,8.7092,0.7927,0.9137,0.813
rtdetr-20261004-235251,15,8.7665,0.7814,0.9106,0.8059
rtdetr-20261004-235251,16,8.4225,0.7932,0.9096,0.8273
rtdetr-20261004-235251,17,8.4415,0.7841,0.9035,0.8122
rtdetr-20261004-235251,18,8.327,0.7892,0.9106,0.8118
rtdetr-20261004-235251,19,8.0077,0.7873,0.8996,0.8221
rtdetr-20261004-235251,20,8.0237,0.7879,0.9019,0.8121
rtdetr-20261004-235251,21,8.1037,0.7971,0.9149,0.8226
rtdetr-20261004-235251,22,8.0701,0.8016,0.9076,0.8362
rtdetr-20261004-235251,23,7.8854,0.7956,0.9137,0.8256
rtdetr-20261004-235251,24,7.9521,0.7955,0.9074,0.8214
rtdetr-20261004-235251,25,7.7883,0.7988,0.9157,0.8353
rtdetr-20261004-235251,26,7.7198,0.799,0.9143,0.8198
rtdetr-20261004-235251,27,7.6551,0.8,0.9203,0.832
rtdetr-20261004-235251,28,7.5192,0.7977,0.9135,0.8194
rtdetr-20261004-235251,29,7.5953,0.792,0.9122,0.8288
rtdetr-20261004-235251,30,7.7056,0.7947,0.9134,0.8183
rtdetr-20261004-235251,31,7.3466,0.7897,0.9088,0.8157
rtdetr-20261004-235251,32,7.3598,0.7911,0.9132,0.8138
rtdetr-20261004-235251,33,7.3664,0.7959,0.9159,0.8232
rtdetr-20261004-235251,34,7.2846,0.7975,0.9175,0.8186
rtdetr-20261004-235251,35,7.4424,0.7869,0.9055,0.8074
rtdetr-20261004-235251,36,7.1621,0.7873,0.9051,0.8169
rtdetr-20261004-235251,37,7.2266,0.7901,0.9115,0.8225
rtdetr-20261004-235251,38,7.1951,0.7795,0.8983,0.8098
rtdetr-20261004-235251,39,7.2709,0.7838,0.9027,0.815
rtdetr-20261004-235251,40,7.263,0.7919,0.9106,0.8145
rtdetr-20261004-235251,41,7.2725,0.7861,0.905,0.8181
rtdetr-20261004-235251,42,7.2753,0.7865,0.9061,0.8129
rtdetr-20261004-235251,43,7.0153,0.7907,0.906,0.8229
rtdetr-20261004-235251,44,7.3488,0.7869,0.9035,0.8168
rtdetr-20261004-235251,45,7.1371,0.789,0.9042,0.816
rtdetr-20261004-235251,46,7.239,0.7901,0.9062,0.8224
rtdetr-20261004-235251,47,7.1491,0.7874,0.8985,0.8111
rtdetr-20261004-235251,48,6.9859,0.7874,0.9046,0.8183
rtdetr-20261004-235251,49,7.2327,0.7826,0.9015,0.8091
rtdetr-20261004-235251,50,7.1928,0.7843,0.9,0.8117
rtdetr-20261005-001117,1,24.3944,0.6206,0.7327,0.6276
rtdetr-20261005-001117,2,13.8939,0.6984,0.8336,0.7054
rtdetr-20261005-001117,3,11.9341,0.7704,0.9024,0.7801
rtdetr-20261005-001117,4,11.3413,0.7837,0.9221,0.7997
rtdetr-20261005-001117,5,10.5458,0.7792,0.9172,0.8023
rtdetr-20261005-001117,6,10.2888,0.7848,0.9167,0.8068
rtdetr-20261005-001117,7,10.1244,0.7865,0.92,0.8295
rtdetr-20261005-001117,8,9.6264,0.7709,0.9106,0.8062
rtdetr-20261005-001117,9,9.3396,0.756,0.8967,0.7716
rtdetr-20261005-001117,10,9.5008,0.7689,0.9008,0.797
rtdetr-20261005-001117,11,9.2797,0.7872,0.9146,0.8384
rtdetr-20261005-001117,12,9.0461,0.7797,0.9182,0.8206
rtdetr-20261005-001117,13,8.9263,0.7707,0.9102,0.8234
rtdetr-20261005-001117,14,8.4786,0.7232,0.8779,0.758
rtdetr-20261005-001117,15,8.5394,0.7237,0.8935,0.7659
rtdetr-20261005-001117,16,8.3863,0.7243,0.8835,0.7612
rtdetr-20261005-001117,17,8.4968,0.6552,0.8271,0.6733
rtdetr-20261005-001117,18,8.3448,0.7397,0.8836,0.7931
rtdetr-20261005-001117,19,8.1497,0.7136,0.8811,0.778
rtdetr-20261005-001117,20,8.0741,0.6616,0.8371,0.7035
rtdetr-20261005-001117,21,8.0934,0.6875,0.858,0.7532
rtdetr-20261005-001117,22,7.8726,0.6833,0.8416,0.7534
rtdetr-20261005-001117,23,7.7301,0.6733,0.8467,0.7548
rtdetr-20261005-001117,24,7.7513,0.634,0.8062,0.7041
rtdetr-20261005-001117,25,7.7049,0.6287,0.8034,0.674
rtdetr-20261005-001117,26,7.6848,0.6692,0.8479,0.6983
rtdetr-20261005-001117,27,7.6186,0.6794,0.8383,0.7268
rtdetr-20261005-001117,28,7.4815,0.6817,0.8473,0.7263
rtdetr-20261005-001117,29,7.7013,0.6838,0.8482,0.747
rtdetr-20261005-001117,30,7.3895,0.6346,0.8211,0.6827
rtdetr-20261005-001117,31,7.2697,0.6378,0.809,0.7052
rtdetr-20261005-001117,32,7.3789,0.6386,0.8183,0.703
rtdetr-20261005-001117,33,7.2419,0.6575,0.8302,0.7063
rtdetr-20261005-001117,34,7.2188,0.6474,0.827,0.6964
rtdetr-20261005-001117,35,7.0651,0.6775,0.8553,0.7255
rtdetr-20261005-001117,36,7.0761,0.6619,0.8325,0.707
rtdetr-20261005-001117,37,7.1065,0.644,0.8182,0.6834
rtdetr-20261005-001117,38,6.8561,0.6395,0.82,0.6939
rtdetr-20261005-001117,39,7.1459,0.6543,0.8197,0.7258
rtdetr-20261005-001117,40,6.8965,0.6239,0.7922,0.6858
rtdetr-20261005-001117,41,6.9223,0.6395,0.8102,0.7037
rtdetr-20261005-001117,42,7.0023,0.6455,0.8144,0.7057
rtdetr-20261005-001117,43,6.8403,0.6507,0.8178,0.7235
rtdetr-20261005-001117,44,7.0535,0.6446,0.8093,0.717
rtdetr-20261005-001117,45,6.7893,0.6432,0.8017,0.7111
rtdetr-20261005-001117,46,6.7712,0.6321,0.8074,0.6988
rtdetr-20261005-001117,47,6.7782,0.6512,0.8132,0.7259
rtdetr-20261005-001117,48,6.8642,0.6338,0.8047,0.6883
rtdetr-20261005-001117,49,6.8518,0.6405,0.8094,0.7053
rtdetr-20261005-001117,50,6.8413,0.6293,0.8031,0.6739
rtdetr-20261005-004038,1,24.243,0.7062,0.857,0.7382
rtdetr-20261005-004038,2,12.4333,0.7613,0.895,0.7714
rtdetr-20261005-004038,3,11.1738,0.7866,0.921,0.8224
rtdetr-20261005-004038,4,10.3077,0.7906,0.9197,0.8068
rtdetr-20261005-004038,5,9.8693,0.8086,0.9247,0.8548
rtdetr-20261005-004038,6,9.6048,0.7979,0.9196,0.8289
rtdetr-20261005-004038,7,9.3904,0.8077,0.925,0.8533
rtdetr-20261005-004038,8,8.9834,0.8067,0.9349,0.8398
rtdetr-20261005-004038,9,9.2219,0.7997,0.92,0.8156
rtdetr-20261005-004038,10,9.0117,0.8075,0.9364,0.857
rtdetr-20261005-004038,11,8.8337,0.7965,0.93,0.8234
rtdetr-20261005-004038,12,8.5552,0.803,0.9189,0.8369
rtdetr-20261005-004038,13,8.3976,0.7989,0.9196,0.8276
rtdetr-20261005-004038,14,8.1638,0.8109,0.932,0.8364
rtdetr-20261005-004038,15,8.0957,0.8045,0.9308,0.8341
rtdetr-20261005-004038,16,7.8767,0.8112,0.9273,0.8275
rtdetr-20261005-004038,17,7.9706,0.8015,0.9124,0.8453
rtdetr-20261005-004038,18,7.5802,0.8,0.9188,0.8416
rtdetr-20261005-004038,19,7.4378,0.8078,0.9221,0.8515
rtdetr-20261005-004038,20,7.5563,0.8065,0.9226,0.8426
rtdetr-20261005-004038,21,7.405,0.8103,0.9305,0.8471
rtdetr-20261005-004038,22,7.5403,0.8029,0.9232,0.8617
rtdetr-20261005-004038,23,7.1584,0.7984,0.921,0.8493
rtdetr-20261005-004038,24,7.2749,0.8041,0.9189,0.8442
rtdetr-20261005-004038,25,7.2605,0.8127,0.9256,0.8473
rtdetr-20261005-004038,26,7.1594,0.8138,0.9206,0.8552
rtdetr-20261005-004038,27,6.8967,0.8108,0.9297,0.8327
rtdetr-20261005-004038,28,6.9235,0.8154,0.93,0.8566
rtdetr-20261005-004038,29,6.9651,0.8119,0.9295,0.8647
rtdetr-20261005-004038,30,6.9294,0.8099,0.9222,0.8435
rtdetr-20261005-004038,31,6.7217,0.8073,0.9213,0.8425
rtdetr-20261005-004038,32,6.6889,0.8044,0.9204,0.8364
rtdetr-20261005-004038,33,6.6518,0.8123,0.93,0.8571
rtdetr-20261005-004038,34,6.5525,0.8071,0.9251,0.8432
rtdetr-20261005-004038,35,6.6281,0.8048,0.9286,0.8383
rtdetr-20261005-004038,36,6.559,0.8101,0.9296,0.8437
rtdetr-20261005-004038,37,6.4326,0.8116,0.9244,0.8432
rtdetr-20261005-004038,38,6.4125,0.8073,0.916,0.8358
rtdetr-20261005-004038,39,6.4901,0.8137,0.9251,0.8381
rtdetr-20261005-004038,40,6.3722,0.8149,0.929,0.8422
rtdetr-20261005-004038,41,6.5019,0.811,0.9223,0.8376
rtdetr-20261005-004038,42,6.4701,0.8107,0.9234,0.8364
rtdetr-20261005-004038,43,6.2229,0.8163,0.9287,0.8353
rtdetr-20261005-004038,44,6.3239,0.8106,0.9301,0.8335
rtdetr-20261005-004038,45,6.2346,0.8122,0.9233,0.8358
rtdetr-20261005-004038,46,6.2995,0.8168,0.9306,0.8438
rtdetr-20261005-004038,47,6.3067,0.805,0.9206,0.8357
rtdetr-20261005-004038,48,6.1885,0.8159,0.9295,0.8421
rtdetr-20261005-004038,49,6.3851,0.8146,0.9289,0.8342
rtdetr-20261005-004038,50,6.2446,0.8134,0.9274,0.8404
