run_name,note,freeze_backbone,seed,train_images,test_mAP,test_AP50,test_AP75,zero_shot_mAP,zero_shot_AP50,val_best_mAP,best_epoch,score_threshold,latency_ms,git_commit,git_dirty,train_fingerprint,test_fingerprint
rtdetr-20261001-232751,learning-curve,True,42,66,0.5462,0.7842,0.6574,0.4809,0.7232,0.7018,20,0.1174,19.175,f30e233,false,,736070363e3635fb
rtdetr-20261004-200415,learning-curve,True,42,205,0.6372,0.9216,0.7788,0.4809,0.7232,0.7582,20,0.1064,19.2356,8447ef4,false,5889189dabcae63b,736070363e3635fb
rtdetr-20261004-204025,learning-curve,True,42,346,0.6419,0.9271,0.777,0.4809,0.7232,0.7641,12,0.0914,22.3579,769e2af,false,80e5e2c2a3d68a67,736070363e3635fb
rtdetr-20261004-221908,learning-curve,True,42,441,0.6372,0.9276,0.7776,0.4809,0.7232,0.7482,7,0.1321,19.3186,769e2af,false,a0d6721c9d669148,736070363e3635fb
rtdetr-20261004-225320,ablation,False,42,441,0.6451,0.9341,0.7777,0.4809,0.7232,0.7756,5,0.0784,19.6475,aa0a637,false,a0d6721c9d669148,736070363e3635fb
rtdetr-20261004-232152,ablation,True,1,441,0.638,0.9251,0.7792,0.4809,0.7232,0.7951,13,0.1635,19.44,aa0a637,false,a0d6721c9d669148,736070363e3635fb
rtdetr-20261004-235251,ablation,True,2,441,0.6526,0.9329,0.7944,0.4809,0.7232,0.8016,22,0.8245,19.6335,aa0a637,false,a0d6721c9d669148,736070363e3635fb
rtdetr-20261005-001117,ablation,False,1,441,0.6489,0.9375,0.7768,0.4809,0.7232,0.7872,11,0.1663,19.4139,aa0a637,false,a0d6721c9d669148,736070363e3635fb
rtdetr-20261005-004038,ablation,False,2,441,0.6486,0.9301,0.7941,0.4809,0.7232,0.8168,46,0.1502,19.4792,aa0a637,false,a0d6721c9d669148,736070363e3635fb
